username,text
izafeh_,Muito orgulho de vc!! ğŸ‘â¤ï¸
vih.angel,@izafeh_ obg izaaaâ¤ï¸
jaadeaguiar,ParabÃ©ns!!!! ğŸ‘ğŸ‘ğŸ‘
vih.angel,@jaadeaguiar â¤ï¸â¤ï¸
mariahelenacaronegomes,Que orgulho de vc!ğŸ™ŒğŸ”¥ğŸ‘ğŸ‘ğŸ‘ğŸ˜ğŸ˜¢
vih.angel,@mariahelenacaronegomes obgggg sdds de vc â¤ï¸
0isinha,ParabÃ©ns Angel!!!!
vih.angel,@0isinha obg amgggg
jackelinefmenezzes,â¤ï¸
vih.angel,@jackelinefmenezzes â¤ï¸â¤ï¸
roalbuquerquea,ParabÃ©ns! Sucesso!
vih.angel,@roalbuquerquea obggg roâ¤ï¸
caiocaf1,ParabÃ©ns amigo ğŸ‘ğŸ‘
vih.angel,@caiocaf1 obgg
hollieuei,ParabÃ©ns manoâ¤ï¸
vih.angel,@hollieuei obggg hollie sddsâ¤ï¸
eliandria_braga,"ParabÃ©ns Vivi, Deus abenÃ§oe sempre sua vida"
vih.angel,@eliandria_braga obgg â¤ï¸â¤ï¸â¤ï¸
limafigo,ParabÃ©ns ğŸ’š
vih.angel,@limafigo obggg mo
nadiacrisbenitez,ğŸ™Œ ğŸ‘ ParabÃ©ns! Muito sucesso pra vc..
vih.angel,@nadiacrisbenitez obgggâ¤ï¸
labellatriix,Aiiii que lindo parabÃ©ns meu amor â¤ï¸
vih.angel,@labellatriix obgggg amgggg â¤ï¸
bottega_paula,Paraaaaabensâ¤ï¸
vih.angel,@bottega_paula obggggg prÃ³xima vc boraaaaa
bottega_paula,@vih.angel boraaaa pra cima
vih.angel,@bottega_paula boraaaâ¤ï¸
gisely_barbosa_,"ParabÃ©ns, Angel ğŸ‘ğŸ‘ğŸ‘"
vih.angel,@gisely_barbosa_ obggggg â¤ï¸â¤ï¸â¤ï¸
taciapolyanna,ParabÃ©ns!! Que Deus abenÃ§oe e proteja na profissÃ£o que vc escolheu @vih.angel
jaocavalcantte,boa sorte na nova jornada lindaum
1tsmee_anyy,ParabÃ©ns primo! Tudo de bom sempre!!!! Espero q eu seja a prÃ³xima â¤ï¸
adrianabragamunareto,ParabÃ©ns ğŸ‘ğŸ‘ğŸ‘
ana_fisio2905,ParabÃ©ns ğŸ‘ğŸ‘ğŸ‘ğŸ‘â¤ï¸
rafaelafsiqueira,ParabÃ©ns ğŸ‘
henrimontanha,"ParabÃ©ns, Divo, gostoso e inteligenteâ€¦ Brilhe ğŸŒŸ"
medeiros.hg,ParabÃ©ns gostosoooo ğŸ‘
biancavivant,Arrasou muitoooğŸ™ŒğŸ™ŒğŸ™Œ
jneri.luna,"Amor da minha vida, parabÃ©ns ğŸ‘â¤ï¸"
linscker,"ParabÃ©ns, garotinho ğŸŒ¼ğŸ’›"
anniele.allana,Que querido. ParabÃ©ns pela sua formatura!!!!!
cinthia_villares,ğŸ‘ğŸ‘ğŸ‘ğŸ‘ğŸ‘
kauanatomasini,Uhullll formamossss â¤
anadcaldas,PARABENS GATOOOO ARRASOU ğŸ’–ğŸ’–
jef.pimpolho,Amoooooo parabÃ©ns
vih.angel,@jaocavalcantte â¤ï¸â¤ï¸â¤ï¸
vih.angel,@1tsmee_anyy obg primaaaa
vih.angel,@atelieadrianabraga â¤ï¸â¤ï¸â¤ï¸
vih.angel,@ana_fisio2905 â¤ï¸â¤ï¸â¤ï¸
vih.angel,@rafaelafsiqueira obgggâ¤ï¸â¤ï¸â¤ï¸
vih.angel,@henrimontanha obggg henriiiâ¤
henrimontanha,@vih.angel â¤
vih.angel,@henrimontanha â¤ï¸
vih.angel,@medeiros.hg obgggggâ¤ï¸â¤ï¸â¤ï¸
vih.angel,@biancavivant obggggâ¤ï¸
vih.angel,@jneri.luna â¤ï¸â¤ï¸â¤ï¸
vih.angel,@jneri.luna te amo amg
vih.angel,@linscker obggggâ¤
vih.angel,@anniele.allana ğŸ˜â¤ï¸
vih.angel,@cinthia_villares â¤
vih.angel,@kauanatomasini acabouuuuuğŸ™Œ
vih.angel,@anadcaldas Obggg amgggg sdds
vih.angel,@jef.pimpolho â¤ï¸â¤ï¸
mauryciokemesson,ParabÃ©ns!!!! â¤ï¸ğŸ˜ğŸ˜ğŸ˜
sirluizfelipe,ParabÃ©ns ğŸ‰
lousanymacedo,"ParabÃ©ns, seja feliz nessa nova jornada ğŸ™ŒğŸ‘ğŸ‘ğŸ˜"
r_boazegevski,ParabÃ©nssss divoğŸ¥³ğŸ¥³ğŸ¥³ (af queria votar em todas as opÃ§Ãµes
ana_francisca_,"AÃª!! Viva o Vi, sucesso!!!ğŸ‘ğŸ‘"
thaisfernandes6236,Parabens ğŸ‘ğŸ‘â¤ï¸â¤ï¸ diva inteligente
fadinha_angel_,ParabÃ©ns angelllll XD ğŸ’ªğŸ¦–
leticiar._souza,ğŸ‘ğŸ‘ğŸ‘
silcar_torres,@n.angel.ai parabÃ©ns ğŸ‘ğŸ‘ğŸ‘
eduardaversali,CONSEGUIMOSSSSSğŸ‘ğŸ‘
nobreadceli,ParabÃ©ns Vih. Que venha o prÃ³ximo ciclo.
vih.angel,@mauryciokemesson obg amggg
vih.angel,@sirluizfelipe â¤ï¸â¤ï¸â¤ï¸
vih.angel,@lousanymacedo obggg li
vih.angel,@r_boazegevski Obggggâ¤ï¸ kkkkk
vih.angel,@ana_francisca_ obgggg
vih.angel,@fadinha_angel_ â¤ï¸â¤ï¸â¤ï¸
vih.angel,@leticiar._souza â¤ï¸â¤ï¸
vih.angel,@silcar_torres obgggâ¤ï¸
vih.angel,@eduardaversali â¤ï¸â¤ï¸â¤ï¸ formamossssss
vih.angel,@nobreadceli obggggâ¤ï¸â¤ï¸â¤ï¸
juliacristinasilva_,Parabenssssssss para nÃ³s â¤ï¸
vih.angel,@juliacristinasilva_ formamosssss
